арбуз;клубника;пломбир;шоколад
манго;клубника;яблоко;клубника;яблоко
клубника;арбуз;клубника
шоколад;яблоко;клубника;шоколад;яблоко
клубника;чизкейк
пломбир
арбуз
клубника;манго;арбуз;клубника
яблоко;клубника;чизкейк
шоколад
клубника;манго;яблоко;пломбир
чизкейк;пломбир
манго;шоколад
пломбир;шоколад;манго;яблоко;арбуз
манго;арбуз
шоколад;клубника;чизкейк
клубника;клубника;пломбир
манго;манго;яблоко;чизкейк
шоколад;чизкейк;арбуз;клубника
чизкейк;арбуз;клубника;арбуз;пломбир
чизкейк;шоколад;яблоко;арбуз;манго
чизкейк;чизкейк;шоколад;пломбир
чизкейк;арбуз;шоколад
клубника;яблоко;манго;пломбир
манго;манго;манго;яблоко;манго
пломбир;манго;арбуз;шоколад;чизкейк
манго
клубника;клубника
пломбир;манго;чизкейк;чизкейк;пломбир
арбуз;манго;арбуз;шоколад
яблоко;чизкейк;чизкейк;клубника
клубника;арбуз;пломбир
клубника;чизкейк;пломбир;шоколад;арбуз
пломбир;манго;чизкейк;яблоко;клубника
пломбир;пломбир;пломбир;арбуз
шоколад;пломбир;арбуз;чизкейк;клубника
чизкейк;клубника;арбуз;манго;чизкейк
чизкейк
манго;чизкейк;чизкейк;яблоко;клубника
клубника
пломбир;арбуз;клубника
клубника;манго;чизкейк
арбуз
арбуз
пломбир;арбуз
чизкейк;пломбир;яблоко;шоколад;пломбир
пломбир;чизкейк;шоколад;чизкейк
шоколад;яблоко;пломбир;шоколад
яблоко;клубника;яблоко
пломбир;клубника;чизкейк;пломбир
арбуз;шоколад;шоколад;манго
яблоко
манго;арбуз;чизкейк;арбуз;арбуз
манго;яблоко;шоколад
шоколад;манго;яблоко;арбуз
арбуз
яблоко;арбуз;шоколад
арбуз;пломбир;яблоко;манго
чизкейк;клубника
манго;клубника
пломбир;чизкейк;яблоко;пломбир;шоколад
чизкейк;манго
яблоко;арбуз;шоколад;шоколад;чизкейк
шоколад
клубника;шоколад;арбуз
пломбир;клубника;клубника;клубника;шоколад
пломбир;клубника;пломбир
арбуз
манго;чизкейк;пломбир
манго;яблоко;чизкейк
чизкейк
арбуз;клубника;яблоко;яблоко
чизкейк;арбуз;чизкейк;манго;шоколад
яблоко
чизкейк;пломбир
чизкейк;клубника
клубника;манго;арбуз;клубника;чизкейк
манго;пломбир;пломбир;манго;пломбир
пломбир;арбуз
клубника;чизкейк;чизкейк;арбуз
шоколад;чизкейк
пломбир;манго
яблоко;манго;пломбир;манго
чизкейк;пломбир;клубника
арбуз;клубника;пломбир;манго;шоколад
пломбир;клубника;арбуз
манго;яблоко;клубника;манго
пломбир
шоколад;клубника;арбуз;манго;пломбир
яблоко;яблоко;шоколад
чизкейк;клубника;чизкейк;манго;арбуз
манго
шоколад;яблоко;пломбир;арбуз
шоколад;пломбир;манго;клубника;шоколад
пломбир;клубника;арбуз
манго;клубника
чизкейк;манго;клубника;чизкейк
пломбир;яблоко
пломбир;шоколад;чизкейк
клубника;манго;яблоко
пломбир;шоколад;шоколад;шоколад
клубника;клубника;манго;яблоко;шоколад
манго
манго;пломбир;клубника;яблоко
яблоко;шоколад;манго
яблоко;клубника;манго;клубника;манго
манго;шоколад;арбуз
арбуз
арбуз
манго;пломбир;шоколад;яблоко;клубника
клубника;чизкейк;шоколад
клубника;чизкейк;манго
пломбир;пломбир;арбуз;пломбир;пломбир
яблоко;чизкейк;шоколад;яблоко
пломбир
яблоко;шоколад;яблоко;чизкейк
пломбир;клубника
чизкейк;пломбир;яблоко;арбуз
арбуз;яблоко;манго;арбуз;манго
чизкейк;шоколад;клубника;арбуз;арбуз
манго;яблоко;пломбир
манго;манго;пломбир;клубника;манго
манго
клубника;клубника;клубника
шоколад;клубника;чизкейк
шоколад;манго
манго
пломбир;чизкейк;арбуз
чизкейк;шоколад;манго
яблоко
клубника;манго;клубника;пломбир;чизкейк
яблоко;манго
яблоко;манго
пломбир;манго;клубника;арбуз
пломбир
манго;яблоко;яблоко;пломбир;клубника
арбуз;пломбир;шоколад;яблоко
чизкейк
чизкейк;пломбир;арбуз
чизкейк
